Student_ID,Borrow_Count,Total_Study_Time,Study_Days,Total_Study_Hours,User_Type
1838,30,5 days 11:29:00,62,131.48333333333332,Frequent
1119,30,5 days 05:34:00,65,125.56666666666666,Frequent
1631,30,4 days 23:03:00,58,119.05,Frequent
1809,30,4 days 20:33:00,59,116.55,Frequent
1932,30,4 days 13:10:00,57,109.16666666666667,Frequent
1201,30,4 days 11:40:00,60,107.66666666666667,Frequent
1697,30,4 days 09:55:00,53,105.91666666666667,Frequent
1101,30,4 days 06:15:00,53,102.25,Frequent
1580,30,4 days 05:26:00,54,101.43333333333334,Frequent
1087,30,3 days 14:23:00,48,86.38333333333334,Frequent
1261,30,3 days 14:00:00,45,86.0,Frequent
1802,30,3 days 09:24:00,45,81.4,Frequent
1484,30,3 days 08:35:00,44,80.58333333333333,Frequent
1220,30,2 days 12:20:00,31,60.333333333333336,Frequent
1350,30,2 days 12:00:00,34,60.0,Frequent
1951,30,2 days 09:30:00,30,57.5,Frequent
1663,30,2 days 08:32:00,29,56.53333333333333,Frequent
1347,30,2 days 05:06:00,32,53.1,Frequent
1826,30,2 days 03:47:00,30,51.78333333333333,Frequent
1667,30,2 days 02:12:00,27,50.2,Frequent
1475,30,1 days 23:54:00,27,47.9,Frequent
1409,30,1 days 23:28:00,28,47.46666666666667,Frequent
1253,30,1 days 18:48:00,23,42.8,Frequent
1497,30,1 days 05:55:00,16,29.916666666666668,Frequent
1456,30,1 days 03:17:00,16,27.283333333333335,Frequent
1945,30,0 days 22:42:00,13,22.7,Frequent
1394,30,0 days 22:04:00,11,22.066666666666666,Frequent
1901,30,0 days 18:42:00,12,18.7,Frequent
1033,30,0 days 15:51:00,10,15.85,Frequent
1782,30,0 days 13:57:00,7,13.95,Frequent
1712,30,0 days 04:54:00,3,4.9,Frequent
1853,30,0 days 01:54:00,2,1.9,Frequent
1707,29,5 days 04:50:00,61,124.83333333333333,Frequent
1888,29,5 days 00:22:00,59,120.36666666666666,Frequent
1334,29,4 days 22:26:00,59,118.43333333333334,Frequent
1532,29,4 days 20:24:00,57,116.4,Frequent
1593,29,4 days 17:08:00,61,113.13333333333334,Frequent
1730,29,4 days 09:02:00,52,105.03333333333333,Frequent
1211,29,4 days 01:25:00,54,97.41666666666667,Frequent
1953,29,4 days 01:09:00,52,97.15,Frequent
1342,29,4 days 00:42:00,53,96.7,Frequent
1089,29,3 days 23:51:00,50,95.85,Frequent
1591,29,3 days 21:32:00,50,93.53333333333333,Frequent
1962,29,3 days 21:12:00,50,93.2,Frequent
1482,29,3 days 08:47:00,44,80.78333333333333,Frequent
1370,29,3 days 07:11:00,40,79.18333333333334,Frequent
1929,29,3 days 05:04:00,38,77.06666666666666,Frequent
1846,29,3 days 02:51:00,45,74.85,Frequent
1708,29,3 days 00:22:00,40,72.36666666666666,Frequent
1632,29,3 days 00:21:00,37,72.35,Frequent
1977,29,2 days 20:19:00,36,68.31666666666666,Frequent
1018,29,2 days 20:14:00,35,68.23333333333333,Frequent
1543,29,2 days 05:07:00,28,53.11666666666667,Frequent
1678,29,2 days 00:33:00,25,48.55,Frequent
1053,29,1 days 15:16:00,23,39.266666666666666,Frequent
1891,29,1 days 15:04:00,23,39.06666666666667,Frequent
1637,29,1 days 13:14:00,22,37.233333333333334,Frequent
1871,29,1 days 03:19:00,13,27.316666666666666,Frequent
1567,29,0 days 22:32:00,15,22.533333333333335,Frequent
1669,29,0 days 11:55:00,7,11.916666666666666,Frequent
1526,29,0 days 06:59:00,5,6.983333333333333,Frequent
1026,28,5 days 11:02:00,67,131.03333333333333,Frequent
1735,28,5 days 03:07:00,63,123.11666666666666,Frequent
1094,28,5 days 00:26:00,65,120.43333333333334,Frequent
1414,28,4 days 21:50:00,62,117.83333333333333,Frequent
1240,28,4 days 04:47:00,55,100.78333333333333,Frequent
1616,28,4 days 04:39:00,53,100.65,Frequent
1804,28,4 days 03:42:00,54,99.7,Frequent
1716,28,4 days 00:44:00,49,96.73333333333333,Frequent
1507,28,3 days 12:11:00,44,84.18333333333334,Frequent
1371,28,3 days 12:09:00,42,84.15,Frequent
1417,28,3 days 10:15:00,43,82.25,Frequent
1381,28,3 days 03:16:00,41,75.26666666666667,Frequent
1097,28,3 days 00:46:00,38,72.76666666666667,Frequent
1168,28,2 days 23:30:00,43,71.5,Frequent
1752,28,2 days 23:27:00,43,71.45,Frequent
1586,28,2 days 19:05:00,42,67.08333333333333,Frequent
1600,28,2 days 18:54:00,38,66.9,Frequent
1387,28,2 days 17:10:00,40,65.16666666666667,Frequent
1266,28,2 days 15:35:00,40,63.583333333333336,Frequent
1292,28,2 days 06:06:00,30,54.1,Frequent
1912,28,2 days 03:07:00,29,51.11666666666667,Frequent
1104,28,2 days 02:43:00,22,50.71666666666667,Frequent
1186,28,2 days 00:26:00,24,48.43333333333333,Frequent
1481,28,1 days 23:32:00,27,47.53333333333333,Frequent
1205,28,1 days 22:39:00,30,46.65,Frequent
1679,28,1 days 15:40:00,22,39.666666666666664,Frequent
1658,28,1 days 09:32:00,18,33.53333333333333,Frequent
1784,28,1 days 08:31:00,17,32.516666666666666,Frequent
1569,28,1 days 06:28:00,17,30.466666666666665,Frequent
1635,28,1 days 03:17:00,17,27.283333333333335,Frequent
1574,28,0 days 14:23:00,9,14.383333333333333,Frequent
1469,28,0 days 13:40:00,8,13.666666666666666,Frequent
1202,28,0 days 10:37:00,5,10.616666666666667,Frequent
1185,28,0 days 10:25:00,4,10.416666666666666,Frequent
1984,28,0 days 00:00:00,0,0.0,Frequent
1739,27,5 days 02:32:00,61,122.53333333333333,Frequent
1882,27,5 days 01:15:00,64,121.25,Frequent
1939,27,4 days 22:51:00,59,118.85,Frequent
1412,27,4 days 21:16:00,66,117.26666666666667,Frequent
1044,27,4 days 19:26:00,59,115.43333333333334,Frequent
1688,27,4 days 18:58:00,58,114.96666666666667,Frequent
1391,27,4 days 18:12:00,63,114.2,Frequent
1241,27,4 days 01:56:00,57,97.93333333333334,Frequent
1126,27,4 days 00:06:00,53,96.1,Frequent
1704,27,3 days 20:46:00,48,92.76666666666667,Frequent
1139,27,3 days 15:38:00,52,87.63333333333334,Frequent
1224,27,3 days 07:42:00,41,79.7,Frequent
1340,27,3 days 02:28:00,42,74.46666666666667,Frequent
1390,27,3 days 01:55:00,36,73.91666666666667,Frequent
1323,27,3 days 00:10:00,31,72.16666666666667,Frequent
1531,27,2 days 20:43:00,35,68.71666666666667,Frequent
1088,27,2 days 11:38:00,34,59.63333333333333,Frequent
1840,27,2 days 06:28:00,30,54.46666666666667,Frequent
1927,27,1 days 12:40:00,18,36.666666666666664,Frequent
1237,27,1 days 09:00:00,19,33.0,Frequent
1599,27,1 days 07:05:00,17,31.083333333333332,Frequent
1862,27,1 days 03:44:00,14,27.733333333333334,Frequent
1869,27,1 days 01:16:00,16,25.266666666666666,Frequent
1024,27,0 days 14:54:00,9,14.9,Frequent
1605,27,0 days 12:58:00,6,12.966666666666667,Frequent
1859,27,0 days 10:56:00,6,10.933333333333334,Frequent
1055,27,0 days 10:46:00,7,10.766666666666667,Frequent
1988,27,0 days 06:26:00,4,6.433333333333334,Frequent
1369,27,0 days 03:36:00,2,3.6,Frequent
1698,27,0 days 01:46:00,1,1.7666666666666666,Frequent
1530,26,5 days 07:13:00,63,127.21666666666667,Frequent
1504,26,5 days 03:21:00,62,123.35,Frequent
1109,26,5 days 00:18:00,63,120.3,Frequent
1247,26,4 days 19:00:00,60,115.0,Frequent
1073,26,4 days 11:39:00,58,107.65,Frequent
1423,26,4 days 09:43:00,56,105.71666666666667,Frequent
1788,26,4 days 02:09:00,52,98.15,Frequent
1215,26,3 days 22:40:00,55,94.66666666666667,Frequent
1225,26,3 days 21:05:00,43,93.08333333333333,Frequent
1231,26,3 days 18:00:00,44,90.0,Frequent
1460,26,3 days 11:25:00,44,83.41666666666667,Frequent
1895,26,3 days 08:41:00,40,80.68333333333334,Frequent
1037,26,2 days 23:30:00,38,71.5,Frequent
1511,26,2 days 22:26:00,39,70.43333333333334,Frequent
1448,26,2 days 15:13:00,30,63.21666666666667,Frequent
1382,26,2 days 10:33:00,38,58.55,Frequent
1646,26,2 days 08:43:00,29,56.71666666666667,Frequent
1446,26,1 days 19:06:00,23,43.1,Frequent
1727,26,1 days 17:00:00,24,41.0,Frequent
1928,26,1 days 15:52:00,24,39.86666666666667,Frequent
1059,26,1 days 14:06:00,24,38.1,Frequent
1289,26,1 days 05:47:00,15,29.783333333333335,Frequent
1129,26,1 days 04:22:00,18,28.366666666666667,Frequent
1401,26,1 days 03:17:00,14,27.283333333333335,Frequent
1898,26,1 days 03:15:00,14,27.25,Frequent
1276,26,0 days 23:32:00,11,23.533333333333335,Frequent
1673,26,0 days 23:05:00,13,23.083333333333332,Frequent
1905,26,0 days 22:59:00,12,22.983333333333334,Frequent
1884,26,0 days 18:45:00,11,18.75,Frequent
1349,26,0 days 14:12:00,7,14.2,Frequent
1812,25,4 days 18:45:00,66,114.75,Frequent
1123,25,4 days 17:32:00,49,113.53333333333333,Frequent
1264,25,4 days 16:29:00,59,112.48333333333333,Frequent
1775,25,4 days 15:10:00,51,111.16666666666667,Frequent
1465,25,4 days 15:00:00,63,111.0,Frequent
1719,25,4 days 10:24:00,59,106.4,Frequent
1128,25,4 days 09:31:00,53,105.51666666666667,Frequent
1724,25,4 days 05:14:00,50,101.23333333333333,Frequent
1808,25,4 days 03:45:00,51,99.75,Frequent
1288,25,3 days 23:34:00,53,95.56666666666666,Frequent
1843,25,3 days 23:13:00,50,95.21666666666667,Frequent
1655,25,3 days 23:06:00,52,95.1,Frequent
1770,25,3 days 21:29:00,50,93.48333333333333,Frequent
1214,25,3 days 16:33:00,51,88.55,Frequent
1183,25,3 days 14:42:00,48,86.7,Frequent
1177,25,3 days 14:29:00,41,86.48333333333333,Frequent
1607,25,3 days 11:14:00,40,83.23333333333333,Frequent
1974,25,3 days 10:20:00,47,82.33333333333333,Frequent
1132,25,3 days 07:53:00,42,79.88333333333334,Frequent
1127,25,3 days 05:52:00,42,77.86666666666666,Frequent
1062,25,3 days 04:03:00,42,76.05,Frequent
1079,25,2 days 14:56:00,33,62.93333333333333,Frequent
1512,25,2 days 09:41:00,32,57.68333333333333,Frequent
1773,25,2 days 06:38:00,30,54.63333333333333,Frequent
1343,25,2 days 02:57:00,26,50.95,Frequent
1471,25,2 days 00:05:00,23,48.083333333333336,Frequent
1389,25,1 days 22:31:00,28,46.516666666666666,Frequent
1614,25,1 days 18:47:00,27,42.78333333333333,Frequent
1263,25,1 days 13:25:00,20,37.416666666666664,Frequent
1039,25,1 days 12:44:00,22,36.733333333333334,Frequent
1785,25,1 days 11:12:00,19,35.2,Frequent
1768,25,1 days 05:13:00,16,29.216666666666665,Frequent
1169,25,0 days 20:00:00,10,20.0,Frequent
1833,25,0 days 11:42:00,7,11.7,Frequent
1845,25,0 days 04:07:00,3,4.116666666666666,Frequent
1906,24,5 days 03:25:00,63,123.41666666666667,Frequent
1429,24,5 days 02:26:00,61,122.43333333333334,Frequent
1249,24,5 days 01:07:00,62,121.11666666666666,Frequent
1750,24,4 days 21:09:00,59,117.15,Frequent
1167,24,4 days 14:24:00,55,110.4,Frequent
1438,24,4 days 10:46:00,55,106.76666666666667,Frequent
1583,24,4 days 02:37:00,55,98.61666666666666,Frequent
1617,24,4 days 00:33:00,50,96.55,Frequent
1573,24,3 days 16:59:00,45,88.98333333333333,Frequent
1577,24,3 days 16:57:00,44,88.95,Frequent
1453,24,3 days 16:01:00,43,88.01666666666667,Frequent
1786,24,3 days 11:31:00,44,83.51666666666667,Frequent
1523,24,2 days 23:18:00,41,71.3,Frequent
1723,24,2 days 22:39:00,40,70.65,Frequent
1556,24,2 days 18:44:00,37,66.73333333333333,Frequent
1789,24,2 days 17:02:00,41,65.03333333333333,Frequent
1762,24,2 days 11:09:00,30,59.15,Frequent
1229,24,2 days 04:51:00,33,52.85,Frequent
1993,24,2 days 02:37:00,28,50.61666666666667,Frequent
1151,24,2 days 01:34:00,25,49.56666666666667,Frequent
1947,24,2 days 01:28:00,35,49.46666666666667,Frequent
1318,24,2 days 00:22:00,29,48.36666666666667,Frequent
1538,24,1 days 22:22:00,28,46.36666666666667,Frequent
1338,24,1 days 15:58:00,23,39.96666666666667,Frequent
1243,24,1 days 15:27:00,19,39.45,Frequent
1291,24,1 days 15:12:00,21,39.2,Frequent
1437,24,1 days 05:43:00,19,29.716666666666665,Frequent
1431,24,1 days 05:03:00,19,29.05,Frequent
1807,24,1 days 04:10:00,16,28.166666666666668,Frequent
1209,24,1 days 03:00:00,15,27.0,Frequent
1722,24,0 days 06:59:00,4,6.983333333333333,Frequent
1640,23,5 days 02:49:00,64,122.81666666666666,Frequent
1408,23,4 days 22:58:00,59,118.96666666666667,Frequent
1849,23,4 days 22:33:00,63,118.55,Frequent
1777,23,4 days 16:23:00,61,112.38333333333334,Frequent
1778,23,4 days 14:35:00,58,110.58333333333333,Frequent
1359,23,4 days 13:35:00,56,109.58333333333333,Frequent
1706,23,4 days 10:56:00,63,106.93333333333334,Frequent
1268,23,4 days 00:15:00,50,96.25,Frequent
1756,23,3 days 16:27:00,49,88.45,Frequent
1969,23,3 days 11:50:00,43,83.83333333333333,Frequent
1466,23,3 days 08:25:00,47,80.41666666666667,Frequent
1736,23,3 days 06:28:00,43,78.46666666666667,Frequent
1670,23,3 days 05:35:00,41,77.58333333333333,Frequent
1713,23,3 days 01:57:00,40,73.95,Frequent
2000,23,3 days 01:52:00,37,73.86666666666666,Frequent
1747,23,3 days 01:48:00,40,73.8,Frequent
1954,23,2 days 23:27:00,37,71.45,Frequent
1533,23,2 days 22:38:00,41,70.63333333333334,Frequent
1107,23,2 days 21:55:00,38,69.91666666666667,Frequent
1082,23,2 days 20:58:00,39,68.96666666666667,Frequent
1189,23,2 days 16:38:00,39,64.63333333333334,Frequent
1699,23,2 days 07:50:00,32,55.833333333333336,Frequent
1721,23,2 days 06:06:00,32,54.1,Frequent
1913,23,2 days 05:34:00,26,53.56666666666667,Frequent
1976,23,2 days 01:19:00,29,49.31666666666667,Frequent
1447,23,1 days 23:33:00,27,47.55,Frequent
1489,23,1 days 17:10:00,21,41.166666666666664,Frequent
1067,23,1 days 13:16:00,18,37.266666666666666,Frequent
1373,23,1 days 06:04:00,18,30.066666666666666,Frequent
1690,23,1 days 00:37:00,16,24.616666666666667,Frequent
1158,23,1 days 00:29:00,12,24.483333333333334,Frequent
1907,23,0 days 22:10:00,13,22.166666666666668,Frequent
1874,23,0 days 21:20:00,11,21.333333333333332,Frequent
1902,23,0 days 13:27:00,7,13.45,Frequent
1333,23,0 days 11:50:00,6,11.833333333333334,Frequent
1156,23,0 days 11:03:00,6,11.05,Frequent
1402,23,0 days 09:16:00,5,9.266666666666667,Frequent
1967,23,0 days 04:33:00,2,4.55,Frequent
1728,23,0 days 03:58:00,2,3.966666666666667,Frequent
1307,23,0 days 02:51:00,2,2.85,Frequent
1432,22,5 days 08:29:00,68,128.48333333333332,Frequent
1332,22,5 days 04:42:00,63,124.7,Frequent
1480,22,5 days 03:22:00,68,123.36666666666666,Frequent
1620,22,4 days 22:25:00,62,118.41666666666667,Frequent
1434,22,4 days 12:41:00,60,108.68333333333334,Frequent
1313,22,4 days 11:18:00,52,107.3,Frequent
1393,22,4 days 09:44:00,58,105.73333333333333,Frequent
1451,22,4 days 03:31:00,54,99.51666666666667,Frequent
1386,22,4 days 00:22:00,58,96.36666666666666,Frequent
1666,22,3 days 22:33:00,46,94.55,Frequent
1415,22,3 days 21:04:00,48,93.06666666666666,Frequent
1657,22,3 days 15:01:00,51,87.01666666666667,Frequent
1043,22,3 days 10:43:00,44,82.71666666666667,Frequent
1035,22,3 days 07:19:00,40,79.31666666666666,Frequent
1329,22,3 days 02:15:00,37,74.25,Frequent
1878,22,2 days 20:28:00,35,68.46666666666667,Frequent
1604,22,2 days 17:17:00,36,65.28333333333333,Frequent
1084,22,2 days 04:41:00,31,52.68333333333333,Frequent
1650,22,2 days 04:37:00,26,52.61666666666667,Frequent
1639,22,2 days 03:48:00,30,51.8,Frequent
1880,22,2 days 03:33:00,30,51.55,Frequent
1392,22,1 days 20:25:00,24,44.416666666666664,Frequent
1515,22,1 days 19:46:00,22,43.766666666666666,Frequent
1628,22,1 days 16:06:00,21,40.1,Frequent
1828,22,1 days 15:45:00,20,39.75,Frequent
1081,22,1 days 14:53:00,18,38.88333333333333,Frequent
1506,22,1 days 08:51:00,20,32.85,Frequent
1479,22,1 days 01:38:00,14,25.633333333333333,Frequent
1377,22,0 days 21:24:00,11,21.4,Frequent
1662,22,0 days 16:26:00,8,16.433333333333334,Frequent
1792,21,4 days 18:19:00,62,114.31666666666666,Frequent
1362,21,4 days 11:18:00,56,107.3,Frequent
1494,21,4 days 01:50:00,53,97.83333333333333,Frequent
1095,21,4 days 00:26:00,50,96.43333333333334,Frequent
1603,21,3 days 23:46:00,56,95.76666666666667,Frequent
1388,21,3 days 21:50:00,46,93.83333333333333,Frequent
1522,21,3 days 20:53:00,55,92.88333333333334,Frequent
1548,21,3 days 13:17:00,47,85.28333333333333,Frequent
1671,21,3 days 10:54:00,49,82.9,Frequent
1950,21,3 days 06:28:00,44,78.46666666666667,Frequent
1924,21,3 days 02:17:00,41,74.28333333333333,Frequent
1239,21,3 days 02:14:00,40,74.23333333333333,Frequent
1461,21,3 days 00:22:00,38,72.36666666666666,Frequent
1131,21,2 days 16:56:00,35,64.93333333333334,Frequent
1427,21,2 days 16:54:00,35,64.9,Frequent
1470,21,2 days 14:29:00,34,62.483333333333334,Frequent
1541,21,2 days 09:24:00,35,57.4,Frequent
1395,21,1 days 09:50:00,19,33.833333333333336,Frequent
1622,21,1 days 07:45:00,16,31.75,Frequent
1040,21,1 days 03:31:00,15,27.516666666666666,Frequent
1038,21,0 days 17:37:00,11,17.616666666666667,Frequent
1767,21,0 days 16:50:00,10,16.833333333333332,Frequent
1257,21,0 days 07:20:00,5,7.333333333333333,Frequent
1960,21,0 days 04:12:00,2,4.2,Frequent
1021,21,0 days 02:25:00,1,2.4166666666666665,Frequent
1112,21,0 days 00:00:00,0,0.0,Frequent
1254,21,0 days 00:00:00,0,0.0,Frequent
1058,20,4 days 18:41:00,59,114.68333333333334,Frequent
1539,20,4 days 16:32:00,57,112.53333333333333,Frequent
1457,20,4 days 12:26:00,58,108.43333333333334,Frequent
1157,20,4 days 11:23:00,57,107.38333333333334,Frequent
1581,20,4 days 08:51:00,57,104.85,Frequent
1847,20,4 days 08:33:00,58,104.55,Frequent
1271,20,4 days 01:17:00,53,97.28333333333333,Frequent
1990,20,3 days 21:55:00,46,93.91666666666667,Frequent
1070,20,3 days 17:51:00,50,89.85,Frequent
1068,20,3 days 13:49:00,47,85.81666666666666,Frequent
1621,20,3 days 13:47:00,48,85.78333333333333,Frequent
1842,20,3 days 13:40:00,51,85.66666666666667,Frequent
1759,20,3 days 05:06:00,39,77.1,Frequent
1278,20,3 days 04:28:00,41,76.46666666666667,Frequent
1854,20,2 days 11:23:00,34,59.38333333333333,Frequent
1407,20,2 days 01:56:00,25,49.93333333333333,Frequent
1358,20,1 days 22:18:00,25,46.3,Frequent
1004,20,1 days 18:25:00,29,42.416666666666664,Frequent
1273,20,1 days 17:33:00,24,41.55,Frequent
1212,20,1 days 13:22:00,23,37.36666666666667,Frequent
1155,20,1 days 12:11:00,19,36.18333333333333,Frequent
1615,20,1 days 06:37:00,19,30.616666666666667,Frequent
1606,20,1 days 02:25:00,10,26.416666666666668,Frequent
1711,20,0 days 22:17:00,14,22.283333333333335,Frequent
1213,20,0 days 17:58:00,8,17.966666666666665,Frequent
1298,20,0 days 16:02:00,10,16.033333333333335,Frequent
1592,20,0 days 03:28:00,3,3.466666666666667,Frequent
1179,19,5 days 01:45:00,56,121.75,Frequent
1223,19,4 days 16:31:00,61,112.51666666666667,Frequent
1508,19,4 days 13:33:00,56,109.55,Frequent
1297,19,4 days 12:35:00,60,108.58333333333333,Frequent
1282,19,4 days 12:15:00,55,108.25,Frequent
1980,19,4 days 06:59:00,59,102.98333333333333,Frequent
1958,19,4 days 06:09:00,51,102.15,Frequent
1354,19,4 days 05:41:00,57,101.68333333333334,Frequent
1005,19,3 days 22:02:00,45,94.03333333333333,Frequent
1596,19,3 days 18:47:00,52,90.78333333333333,Frequent
1589,19,3 days 13:08:00,46,85.13333333333334,Frequent
1150,19,3 days 11:17:00,45,83.28333333333333,Frequent
1458,19,3 days 07:22:00,43,79.36666666666666,Moderate
1380,19,2 days 20:51:00,36,68.85,Moderate
1938,19,2 days 14:12:00,33,62.2,Moderate
1794,19,2 days 12:38:00,32,60.63333333333333,Moderate
1145,19,2 days 01:25:00,28,49.416666666666664,Moderate
1162,19,1 days 22:07:00,28,46.11666666666667,Moderate
1875,19,1 days 16:18:00,24,40.3,Moderate
1865,19,1 days 05:21:00,15,29.35,Moderate
1525,19,1 days 00:58:00,14,24.966666666666665,Moderate
1823,19,0 days 20:46:00,11,20.766666666666666,Moderate
1222,19,0 days 19:29:00,12,19.483333333333334,Moderate
1041,19,0 days 16:29:00,9,16.483333333333334,Moderate
1320,19,0 days 11:07:00,6,11.116666666666667,Moderate
1996,19,0 days 06:10:00,3,6.166666666666667,Moderate
1283,18,5 days 03:14:00,55,123.23333333333333,Frequent
1439,18,4 days 21:32:00,63,117.53333333333333,Frequent
1672,18,4 days 15:20:00,58,111.33333333333333,Frequent
1779,18,4 days 15:01:00,52,111.01666666666667,Frequent
1025,18,4 days 14:59:00,57,110.98333333333333,Frequent
1007,18,4 days 10:20:00,59,106.33333333333333,Frequent
1190,18,4 days 04:21:00,53,100.35,Frequent
1753,18,4 days 03:17:00,59,99.28333333333333,Frequent
1270,18,4 days 03:08:00,58,99.13333333333334,Frequent
1110,18,4 days 01:05:00,48,97.08333333333333,Frequent
1968,18,3 days 23:54:00,48,95.9,Frequent
1436,18,3 days 22:26:00,53,94.43333333333334,Frequent
1858,18,3 days 21:02:00,44,93.03333333333333,Frequent
1152,18,3 days 18:22:00,50,90.36666666666666,Frequent
1090,18,3 days 16:36:00,43,88.6,Frequent
1218,18,3 days 15:10:00,48,87.16666666666667,Frequent
1935,18,3 days 11:47:00,46,83.78333333333333,Frequent
1430,18,3 days 11:38:00,44,83.63333333333334,Frequent
1476,18,3 days 09:39:00,47,81.65,Frequent
1262,18,3 days 08:59:00,50,80.98333333333333,Frequent
1153,18,3 days 05:30:00,46,77.5,Moderate
1287,18,2 days 18:23:00,36,66.38333333333334,Moderate
1799,18,2 days 16:22:00,37,64.36666666666666,Moderate
1757,18,2 days 13:46:00,34,61.766666666666666,Moderate
1703,18,2 days 12:05:00,36,60.083333333333336,Moderate
1421,18,2 days 11:21:00,35,59.35,Moderate
1834,18,2 days 09:24:00,29,57.4,Moderate
1764,18,2 days 04:13:00,29,52.21666666666667,Moderate
1341,18,2 days 02:16:00,27,50.266666666666666,Moderate
1896,18,2 days 01:41:00,27,49.68333333333333,Moderate
1909,18,2 days 00:12:00,25,48.2,Moderate
1061,18,1 days 18:07:00,23,42.11666666666667,Moderate
1032,18,1 days 17:50:00,21,41.833333333333336,Moderate
1694,18,1 days 17:02:00,23,41.03333333333333,Moderate
1814,18,1 days 16:00:00,21,40.0,Moderate
1054,18,1 days 14:06:00,20,38.1,Moderate
1822,18,1 days 06:43:00,17,30.716666666666665,Moderate
1803,18,0 days 14:58:00,10,14.966666666666667,Moderate
1117,18,0 days 07:07:00,6,7.116666666666666,Moderate
1396,18,0 days 04:19:00,2,4.316666666666666,Moderate
1576,17,5 days 02:40:00,61,122.66666666666667,Frequent
1952,17,4 days 19:43:00,62,115.71666666666667,Frequent
1590,17,4 days 15:04:00,58,111.06666666666666,Frequent
1161,17,4 days 10:12:00,55,106.2,Frequent
1199,17,4 days 08:39:00,55,104.65,Frequent
1352,17,3 days 18:23:00,47,90.38333333333334,Frequent
1077,17,3 days 16:21:00,47,88.35,Frequent
1818,17,3 days 15:53:00,47,87.88333333333334,Frequent
1545,17,3 days 14:16:00,49,86.26666666666667,Frequent
1250,17,3 days 05:25:00,44,77.41666666666667,Moderate
1570,17,3 days 04:43:00,40,76.71666666666667,Moderate
1441,17,3 days 01:41:00,40,73.68333333333334,Moderate
1714,17,3 days 01:20:00,41,73.33333333333333,Moderate
1501,17,2 days 22:33:00,36,70.55,Moderate
1889,17,2 days 21:29:00,41,69.48333333333333,Moderate
1149,17,2 days 20:25:00,48,68.41666666666667,Moderate
1100,17,2 days 19:28:00,35,67.46666666666667,Moderate
1096,17,2 days 09:51:00,30,57.85,Moderate
1003,17,2 days 04:25:00,28,52.416666666666664,Moderate
1322,17,1 days 21:39:00,31,45.65,Moderate
1191,17,1 days 17:56:00,21,41.93333333333333,Moderate
1557,17,1 days 09:44:00,18,33.733333333333334,Moderate
1933,17,1 days 08:03:00,19,32.05,Moderate
1277,17,1 days 05:31:00,16,29.516666666666666,Moderate
1196,17,0 days 21:40:00,13,21.666666666666668,Moderate
1029,17,0 days 20:49:00,10,20.816666666666666,Moderate
1010,17,0 days 15:52:00,10,15.866666666666667,Moderate
1519,17,0 days 14:24:00,7,14.4,Moderate
1795,17,0 days 12:20:00,7,12.333333333333334,Moderate
1918,17,0 days 05:36:00,4,5.6,Moderate
1474,17,0 days 04:48:00,2,4.8,Moderate
1844,17,0 days 00:00:00,0,0.0,Moderate
1771,16,5 days 00:04:00,59,120.06666666666666,Frequent
1300,16,4 days 16:15:00,58,112.25,Frequent
1144,16,4 days 01:09:00,53,97.15,Frequent
1710,16,3 days 21:04:00,52,93.06666666666666,Frequent
1290,16,3 days 18:33:00,42,90.55,Frequent
1498,16,3 days 17:25:00,46,89.41666666666667,Frequent
1238,16,3 days 16:56:00,45,88.93333333333334,Frequent
1524,16,3 days 16:10:00,48,88.16666666666667,Frequent
1975,16,3 days 10:31:00,45,82.51666666666667,Frequent
1693,16,3 days 03:19:00,42,75.31666666666666,Moderate
1363,16,3 days 03:06:00,38,75.1,Moderate
1516,16,3 days 01:06:00,40,73.1,Moderate
1841,16,2 days 22:02:00,40,70.03333333333333,Moderate
1675,16,2 days 18:39:00,36,66.65,Moderate
1908,16,2 days 17:54:00,37,65.9,Moderate
1899,16,2 days 16:36:00,31,64.6,Moderate
1674,16,2 days 12:00:00,32,60.0,Moderate
1800,16,2 days 11:14:00,28,59.233333333333334,Moderate
1751,16,2 days 10:52:00,38,58.86666666666667,Moderate
1114,16,1 days 15:57:00,25,39.95,Moderate
1306,16,1 days 13:14:00,21,37.233333333333334,Moderate
1076,16,1 days 11:06:00,19,35.1,Moderate
1293,16,1 days 08:28:00,18,32.46666666666667,Moderate
1575,16,1 days 04:23:00,14,28.383333333333333,Moderate
1864,16,0 days 18:45:00,11,18.75,Moderate
1365,16,0 days 14:34:00,9,14.566666666666666,Moderate
1454,16,0 days 06:36:00,4,6.6,Moderate
1248,15,5 days 01:03:00,58,121.05,Frequent
1783,15,4 days 23:45:00,61,119.75,Frequent
1106,15,4 days 21:15:00,66,117.25,Frequent
1919,15,4 days 13:11:00,59,109.18333333333334,Frequent
1173,15,4 days 12:17:00,58,108.28333333333333,Frequent
1251,15,4 days 04:09:00,54,100.15,Frequent
1701,15,4 days 02:32:00,49,98.53333333333333,Frequent
1594,15,4 days 00:09:00,52,96.15,Frequent
1078,15,3 days 23:28:00,48,95.46666666666667,Frequent
1686,15,3 days 20:04:00,50,92.06666666666666,Frequent
1595,15,3 days 19:54:00,44,91.9,Frequent
1558,15,3 days 16:11:00,50,88.18333333333334,Frequent
1383,15,3 days 14:12:00,47,86.2,Frequent
1879,15,3 days 11:57:00,45,83.95,Frequent
1468,15,3 days 09:04:00,44,81.06666666666666,Frequent
1848,15,3 days 06:45:00,41,78.75,Moderate
1091,15,3 days 06:02:00,38,78.03333333333333,Moderate
1014,15,3 days 03:34:00,38,75.56666666666666,Moderate
1796,15,2 days 16:34:00,34,64.56666666666666,Moderate
1934,15,2 days 15:50:00,37,63.833333333333336,Moderate
1561,15,2 days 15:47:00,34,63.78333333333333,Moderate
1887,15,2 days 13:52:00,36,61.86666666666667,Moderate
1664,15,2 days 11:06:00,34,59.1,Moderate
1970,15,2 days 10:52:00,31,58.86666666666667,Moderate
1554,15,2 days 09:17:00,34,57.28333333333333,Moderate
1193,15,2 days 05:13:00,26,53.21666666666667,Moderate
1236,15,2 days 05:11:00,29,53.18333333333333,Moderate
1746,15,2 days 03:56:00,31,51.93333333333333,Moderate
1872,15,2 days 01:58:00,24,49.96666666666667,Moderate
1820,15,1 days 19:04:00,23,43.06666666666667,Moderate
1030,15,1 days 15:07:00,24,39.11666666666667,Moderate
1652,15,1 days 03:15:00,15,27.25,Moderate
1944,15,1 days 00:52:00,13,24.866666666666667,Moderate
1216,15,1 days 00:45:00,13,24.75,Moderate
1036,15,0 days 17:03:00,8,17.05,Moderate
1473,15,0 days 15:11:00,8,15.183333333333334,Moderate
1449,15,0 days 13:21:00,10,13.35,Moderate
1321,15,0 days 12:19:00,5,12.316666666666666,Moderate
1269,15,0 days 10:50:00,7,10.833333333333334,Moderate
1897,15,0 days 10:36:00,7,10.6,Moderate
1210,15,0 days 08:20:00,6,8.333333333333334,Moderate
1584,15,0 days 06:10:00,5,6.166666666666667,Moderate
1012,15,0 days 05:44:00,3,5.733333333333333,Moderate
1653,15,0 days 05:42:00,3,5.7,Moderate
1256,15,0 days 00:00:00,0,0.0,Moderate
1634,14,5 days 01:44:00,64,121.73333333333333,Frequent
1948,14,5 days 00:42:00,63,120.7,Frequent
1125,14,4 days 22:34:00,59,118.56666666666666,Frequent
1275,14,4 days 21:11:00,61,117.18333333333334,Frequent
1244,14,4 days 17:01:00,53,113.01666666666667,Frequent
1568,14,4 days 13:20:00,56,109.33333333333333,Frequent
1221,14,4 days 04:10:00,54,100.16666666666667,Frequent
1175,14,4 days 01:25:00,50,97.41666666666667,Frequent
1578,14,3 days 20:23:00,49,92.38333333333334,Frequent
1774,14,3 days 20:10:00,51,92.16666666666667,Frequent
1748,14,3 days 19:31:00,47,91.51666666666667,Frequent
1384,14,2 days 22:33:00,45,70.55,Moderate
1063,14,2 days 14:43:00,35,62.71666666666667,Moderate
1016,14,2 days 14:22:00,29,62.36666666666667,Moderate
1837,14,1 days 16:28:00,22,40.46666666666667,Moderate
1537,14,1 days 10:18:00,16,34.3,Moderate
1134,14,1 days 09:14:00,22,33.233333333333334,Moderate
1873,14,1 days 06:22:00,17,30.366666666666667,Moderate
1544,14,1 days 02:43:00,14,26.716666666666665,Moderate
1851,14,1 days 01:51:00,18,25.85,Moderate
1286,14,0 days 22:00:00,11,22.0,Moderate
1689,14,0 days 15:59:00,11,15.983333333333333,Moderate
1668,14,0 days 15:00:00,6,15.0,Moderate
1493,14,0 days 08:40:00,4,8.666666666666666,Moderate
1230,14,0 days 06:31:00,3,6.516666666666667,Moderate
1272,14,0 days 00:00:00,0,0.0,Moderate
1478,14,0 days 00:00:00,0,0.0,Moderate
1830,14,0 days 00:00:00,0,0.0,Moderate
1647,13,4 days 13:32:00,57,109.53333333333333,Frequent
1813,13,4 days 09:05:00,50,105.08333333333333,Frequent
1981,13,4 days 03:55:00,50,99.91666666666667,Frequent
1208,13,4 days 01:31:00,53,97.51666666666667,Frequent
1502,13,3 days 23:17:00,54,95.28333333333333,Frequent
1219,13,3 days 19:21:00,50,91.35,Frequent
1998,13,3 days 14:37:00,55,86.61666666666666,Frequent
1883,13,3 days 14:02:00,48,86.03333333333333,Frequent
1555,13,3 days 11:50:00,49,83.83333333333333,Frequent
1726,13,3 days 04:15:00,41,76.25,Moderate
1876,13,3 days 03:54:00,40,75.9,Moderate
1964,13,3 days 00:05:00,40,72.08333333333333,Moderate
1234,13,2 days 23:19:00,35,71.31666666666666,Moderate
1357,13,2 days 22:57:00,38,70.95,Moderate
1217,13,2 days 21:15:00,40,69.25,Moderate
1204,13,2 days 19:07:00,37,67.11666666666666,Moderate
1917,13,2 days 17:40:00,34,65.66666666666667,Moderate
1428,13,2 days 16:37:00,34,64.61666666666666,Moderate
1176,13,2 days 12:58:00,34,60.96666666666667,Moderate
1314,13,2 days 07:29:00,30,55.483333333333334,Moderate
1488,13,2 days 05:46:00,33,53.766666666666666,Moderate
1563,13,1 days 22:43:00,26,46.71666666666667,Moderate
1372,13,1 days 18:25:00,22,42.416666666666664,Moderate
1410,13,1 days 12:09:00,17,36.15,Moderate
1108,13,1 days 10:38:00,19,34.63333333333333,Moderate
1006,13,1 days 09:11:00,17,33.18333333333333,Moderate
1551,13,1 days 06:28:00,18,30.466666666666665,Moderate
1612,13,1 days 03:46:00,16,27.766666666666666,Moderate
1810,13,1 days 01:53:00,16,25.883333333333333,Moderate
1462,13,1 days 00:38:00,13,24.633333333333333,Moderate
1645,13,0 days 22:43:00,14,22.716666666666665,Moderate
1397,13,0 days 16:01:00,10,16.016666666666666,Moderate
1791,13,0 days 11:12:00,5,11.2,Moderate
1330,13,0 days 06:20:00,3,6.333333333333333,Moderate
1411,13,0 days 00:00:00,0,0.0,Moderate
1682,12,4 days 19:43:00,62,115.71666666666667,Frequent
1734,12,4 days 18:12:00,63,114.2,Frequent
1118,12,4 days 16:35:00,54,112.58333333333333,Frequent
1835,12,4 days 10:32:00,57,106.53333333333333,Frequent
1143,12,3 days 23:50:00,52,95.83333333333333,Frequent
1609,12,3 days 14:45:00,43,86.75,Frequent
1366,12,3 days 12:13:00,41,84.21666666666667,Frequent
1309,12,3 days 11:51:00,47,83.85,Frequent
1065,12,3 days 10:20:00,51,82.33333333333333,Frequent
1137,12,3 days 08:21:00,44,80.35,Frequent
1725,12,3 days 07:18:00,48,79.3,Moderate
1122,12,3 days 00:29:00,44,72.48333333333333,Moderate
1513,12,2 days 17:35:00,35,65.58333333333333,Moderate
1022,12,2 days 10:02:00,36,58.03333333333333,Moderate
1198,12,2 days 08:36:00,33,56.6,Moderate
1328,12,2 days 04:39:00,30,52.65,Moderate
1852,12,2 days 04:13:00,32,52.21666666666667,Moderate
1824,12,2 days 01:10:00,27,49.166666666666664,Moderate
1163,12,1 days 22:51:00,26,46.85,Moderate
1829,12,1 days 19:39:00,27,43.65,Moderate
1745,12,1 days 19:36:00,29,43.6,Moderate
1832,12,1 days 06:29:00,17,30.483333333333334,Moderate
1868,12,1 days 04:50:00,15,28.833333333333332,Moderate
1758,12,0 days 14:23:00,8,14.383333333333333,Moderate
1856,12,0 days 12:32:00,8,12.533333333333333,Moderate
1017,12,0 days 11:46:00,8,11.766666666666667,Moderate
1801,12,0 days 07:37:00,4,7.616666666666666,Moderate
1649,12,0 days 06:19:00,3,6.316666666666666,Moderate
1754,12,0 days 03:05:00,3,3.0833333333333335,Moderate
1527,11,4 days 16:29:00,58,112.48333333333333,Frequent
1120,11,4 days 15:41:00,61,111.68333333333334,Frequent
1540,11,4 days 13:58:00,59,109.96666666666667,Frequent
1656,11,4 days 02:14:00,55,98.23333333333333,Frequent
1542,11,3 days 21:02:00,44,93.03333333333333,Frequent
1683,11,3 days 18:31:00,55,90.51666666666667,Frequent
1083,11,3 days 12:27:00,40,84.45,Frequent
1982,11,3 days 07:38:00,45,79.63333333333334,Moderate
1344,11,2 days 23:56:00,38,71.93333333333334,Moderate
1629,11,2 days 23:55:00,41,71.91666666666667,Moderate
1002,11,2 days 22:51:00,34,70.85,Moderate
1860,11,2 days 20:20:00,39,68.33333333333333,Moderate
1345,11,2 days 19:38:00,32,67.63333333333334,Moderate
1280,11,2 days 10:33:00,30,58.55,Moderate
1535,11,2 days 09:46:00,30,57.766666666666666,Moderate
1553,11,2 days 08:13:00,30,56.21666666666667,Moderate
1011,11,2 days 05:40:00,28,53.666666666666664,Moderate
1805,11,2 days 02:07:00,29,50.11666666666667,Moderate
1904,11,1 days 22:47:00,24,46.78333333333333,Moderate
1228,11,1 days 16:12:00,23,40.2,Moderate
1252,11,1 days 16:01:00,23,40.016666666666666,Moderate
1772,11,1 days 15:16:00,22,39.266666666666666,Moderate
1979,11,1 days 14:40:00,21,38.666666666666664,Moderate
1700,11,1 days 11:36:00,20,35.6,Moderate
1265,11,1 days 10:39:00,18,34.65,Moderate
1304,11,1 days 10:27:00,18,34.45,Moderate
1921,11,1 days 06:49:00,18,30.816666666666666,Moderate
1867,11,0 days 22:51:00,13,22.85,Moderate
1729,11,0 days 20:48:00,13,20.8,Moderate
1027,11,0 days 16:07:00,7,16.116666666666667,Moderate
1866,11,0 days 06:58:00,5,6.966666666666667,Moderate
1610,11,0 days 02:46:00,2,2.7666666666666666,Moderate
1034,11,0 days 00:00:00,0,0.0,Moderate
1565,11,0 days 00:00:00,0,0.0,Moderate
1279,10,5 days 05:14:00,63,125.23333333333333,Frequent
1613,10,4 days 21:58:00,56,117.96666666666667,Frequent
1680,10,4 days 19:16:00,59,115.26666666666667,Frequent
1991,10,4 days 16:56:00,60,112.93333333333334,Frequent
1985,10,4 days 07:20:00,57,103.33333333333333,Frequent
1485,10,4 days 01:04:00,50,97.06666666666666,Frequent
1892,10,4 days 01:03:00,48,97.05,Frequent
1941,10,3 days 22:37:00,57,94.61666666666666,Frequent
1483,10,3 days 16:56:00,48,88.93333333333334,Frequent
1660,10,3 days 16:01:00,46,88.01666666666667,Frequent
1226,10,3 days 12:43:00,43,84.71666666666667,Frequent
1316,10,3 days 07:13:00,38,79.21666666666667,Moderate
1743,10,3 days 04:16:00,43,76.26666666666667,Moderate
1023,10,3 days 01:39:00,43,73.65,Moderate
1130,10,3 days 00:02:00,45,72.03333333333333,Moderate
1348,10,2 days 18:10:00,33,66.16666666666667,Moderate
1696,10,2 days 16:38:00,31,64.63333333333334,Moderate
1426,10,2 days 13:48:00,36,61.8,Moderate
1049,10,2 days 12:02:00,30,60.03333333333333,Moderate
1042,10,2 days 08:20:00,27,56.333333333333336,Moderate
1608,10,2 days 05:29:00,27,53.483333333333334,Moderate
1687,10,2 days 00:31:00,30,48.516666666666666,Moderate
1626,10,2 days 00:08:00,26,48.13333333333333,Moderate
1495,10,1 days 23:10:00,24,47.166666666666664,Moderate
1601,10,1 days 22:25:00,25,46.416666666666664,Moderate
1963,10,1 days 22:22:00,26,46.36666666666667,Moderate
1285,10,1 days 16:26:00,20,40.43333333333333,Moderate
1692,10,1 days 10:53:00,16,34.88333333333333,Moderate
1459,10,1 days 06:57:00,16,30.95,Moderate
1514,10,1 days 06:49:00,18,30.816666666666666,Moderate
1959,10,1 days 05:17:00,18,29.283333333333335,Moderate
1142,10,1 days 05:13:00,13,29.216666666666665,Moderate
1364,10,1 days 04:13:00,17,28.216666666666665,Moderate
1798,10,0 days 20:25:00,12,20.416666666666668,Moderate
1335,10,0 days 13:46:00,7,13.766666666666667,Moderate
1182,10,0 days 09:05:00,5,9.083333333333334,Moderate
1281,10,0 days 00:00:00,0,0.0,Moderate
1744,9,5 days 03:14:00,62,123.23333333333333,Frequent
1877,9,4 days 14:45:00,64,110.75,Frequent
1520,9,4 days 11:29:00,54,107.48333333333333,Frequent
1733,9,4 days 03:21:00,55,99.35,Frequent
1046,9,4 days 00:45:00,55,96.75,Frequent
1353,9,3 days 19:31:00,52,91.51666666666667,Frequent
1973,9,3 days 15:34:00,40,87.56666666666666,Frequent
1403,9,3 days 08:42:00,40,80.7,Frequent
1258,9,3 days 06:16:00,45,78.26666666666667,Moderate
1552,9,3 days 04:47:00,47,76.78333333333333,Moderate
1936,9,3 days 04:05:00,39,76.08333333333333,Moderate
1572,9,2 days 19:56:00,38,67.93333333333334,Moderate
1337,9,2 days 19:04:00,37,67.06666666666666,Moderate
1588,9,2 days 18:44:00,37,66.73333333333333,Moderate
1937,9,2 days 16:58:00,36,64.96666666666667,Moderate
1986,9,2 days 15:35:00,35,63.583333333333336,Moderate
1019,9,2 days 14:46:00,35,62.766666666666666,Moderate
1146,9,2 days 14:25:00,36,62.416666666666664,Moderate
1559,9,2 days 10:35:00,31,58.583333333333336,Moderate
1368,9,2 days 07:14:00,30,55.233333333333334,Moderate
1742,9,2 days 05:22:00,35,53.36666666666667,Moderate
1339,9,1 days 11:09:00,21,35.15,Moderate
1817,9,1 days 09:17:00,18,33.28333333333333,Moderate
1260,9,1 days 05:15:00,19,29.25,Rare
1651,9,1 days 04:00:00,17,28.0,Rare
1050,9,1 days 00:28:00,13,24.466666666666665,Rare
1893,9,0 days 15:44:00,11,15.733333333333333,Rare
1197,9,0 days 14:49:00,10,14.816666666666666,Rare
1503,9,0 days 14:04:00,7,14.066666666666666,Rare
1477,9,0 days 06:06:00,4,6.1,Rare
1416,9,0 days 04:00:00,2,4.0,Rare
1140,9,0 days 03:51:00,2,3.85,Rare
1113,9,0 days 02:42:00,1,2.7,Rare
1442,9,0 days 00:00:00,0,0.0,Rare
1983,9,0 days 00:00:00,0,0.0,Rare
1435,8,5 days 06:39:00,60,126.65,Frequent
1797,8,5 days 04:35:00,61,124.58333333333333,Frequent
1311,8,4 days 20:44:00,63,116.73333333333333,Frequent
1602,8,4 days 17:37:00,64,113.61666666666666,Frequent
1092,8,4 days 14:36:00,66,110.6,Frequent
1582,8,4 days 08:36:00,50,104.6,Frequent
1715,8,4 days 08:15:00,58,104.25,Frequent
1170,8,3 days 22:22:00,61,94.36666666666666,Frequent
1015,8,3 days 14:47:00,40,86.78333333333333,Frequent
1195,8,3 days 07:57:00,41,79.95,Moderate
1966,8,3 days 03:56:00,39,75.93333333333334,Moderate
1717,8,2 days 23:31:00,35,71.51666666666667,Moderate
1008,8,2 days 16:26:00,38,64.43333333333334,Moderate
1627,8,2 days 06:11:00,33,54.18333333333333,Moderate
1579,8,1 days 23:43:00,26,47.71666666666667,Moderate
1850,8,1 days 23:41:00,28,47.68333333333333,Moderate
1099,8,1 days 19:25:00,27,43.416666666666664,Moderate
1787,8,1 days 09:10:00,19,33.166666666666664,Moderate
1827,8,1 days 06:40:00,15,30.666666666666668,Moderate
1978,8,1 days 01:41:00,15,25.683333333333334,Rare
1069,8,0 days 20:52:00,11,20.866666666666667,Rare
1147,8,0 days 18:31:00,10,18.516666666666666,Rare
1956,8,0 days 18:15:00,13,18.25,Rare
1661,8,0 days 09:30:00,7,9.5,Rare
1955,8,0 days 08:25:00,4,8.416666666666666,Rare
1192,8,0 days 04:21:00,2,4.35,Rare
1562,8,0 days 02:10:00,1,2.1666666666666665,Rare
1404,7,4 days 18:42:00,51,114.7,Frequent
1361,7,4 days 14:59:00,60,110.98333333333333,Frequent
1351,7,4 days 12:27:00,54,108.45,Frequent
1806,7,4 days 10:46:00,59,106.76666666666667,Frequent
1124,7,4 days 07:50:00,53,103.83333333333333,Frequent
1064,7,4 days 06:26:00,52,102.43333333333334,Frequent
1940,7,4 days 02:24:00,52,98.4,Frequent
1930,7,4 days 01:41:00,52,97.68333333333334,Frequent
1133,7,4 days 00:27:00,50,96.45,Frequent
1180,7,3 days 18:21:00,47,90.35,Frequent
1326,7,3 days 17:41:00,44,89.68333333333334,Frequent
1521,7,3 days 06:33:00,42,78.55,Moderate
1487,7,2 days 16:06:00,33,64.1,Moderate
1047,7,2 days 15:43:00,33,63.71666666666667,Moderate
1900,7,2 days 08:44:00,33,56.733333333333334,Moderate
1194,7,2 days 03:15:00,23,51.25,Moderate
1490,7,1 days 22:20:00,26,46.333333333333336,Moderate
1566,7,1 days 20:13:00,27,44.21666666666667,Moderate
1644,7,1 days 19:17:00,22,43.28333333333333,Moderate
1294,7,1 days 14:28:00,23,38.46666666666667,Moderate
1071,7,1 days 14:04:00,19,38.06666666666667,Moderate
1455,7,1 days 10:45:00,19,34.75,Moderate
1741,7,1 days 08:17:00,17,32.28333333333333,Moderate
1301,7,1 days 05:01:00,17,29.016666666666666,Rare
1203,7,1 days 04:39:00,16,28.65,Rare
1949,7,0 days 18:04:00,11,18.066666666666666,Rare
1160,7,0 days 09:55:00,5,9.916666666666666,Rare
1528,7,0 days 04:41:00,3,4.683333333333334,Rare
1327,6,5 days 13:46:00,60,133.76666666666668,Frequent
1611,6,5 days 00:46:00,62,120.76666666666667,Frequent
1776,6,4 days 22:49:00,63,118.81666666666666,Frequent
1085,6,4 days 19:34:00,65,115.56666666666666,Frequent
1166,6,4 days 18:02:00,59,114.03333333333333,Frequent
1422,6,4 days 08:33:00,57,104.55,Frequent
1995,6,4 days 07:36:00,54,103.6,Frequent
1406,6,4 days 04:53:00,56,100.88333333333334,Frequent
1405,6,4 days 04:31:00,51,100.51666666666667,Frequent
1444,6,3 days 23:48:00,47,95.8,Frequent
1310,6,3 days 20:29:00,46,92.48333333333333,Frequent
1903,6,3 days 18:25:00,42,90.41666666666667,Frequent
1534,6,3 days 17:18:00,46,89.3,Frequent
1587,6,3 days 16:32:00,49,88.53333333333333,Frequent
1685,6,3 days 15:35:00,38,87.58333333333333,Frequent
1312,6,3 days 11:22:00,52,83.36666666666666,Frequent
1585,6,3 days 08:24:00,44,80.4,Frequent
1641,6,3 days 05:52:00,42,77.86666666666666,Moderate
1881,6,3 days 03:49:00,45,75.81666666666666,Moderate
1676,6,2 days 21:58:00,37,69.96666666666667,Moderate
1093,6,2 days 07:31:00,28,55.516666666666666,Moderate
1325,6,1 days 21:18:00,23,45.3,Moderate
1235,6,1 days 19:45:00,25,43.75,Moderate
1103,6,1 days 13:42:00,19,37.7,Moderate
1915,6,1 days 10:16:00,22,34.266666666666666,Moderate
1529,6,1 days 07:39:00,18,31.65,Moderate
1731,6,1 days 05:16:00,19,29.266666666666666,Rare
1571,6,0 days 23:12:00,13,23.2,Rare
1174,6,0 days 21:56:00,12,21.933333333333334,Rare
1496,6,0 days 21:49:00,12,21.816666666666666,Rare
1564,6,0 days 21:35:00,14,21.583333333333332,Rare
1246,6,0 days 04:21:00,3,4.35,Rare
1375,6,0 days 00:43:00,1,0.7166666666666667,Rare
1115,6,0 days 00:00:00,0,0.0,Rare
1925,5,5 days 01:43:00,63,121.71666666666667,Frequent
1165,5,4 days 17:12:00,61,113.2,Frequent
1643,5,4 days 16:32:00,58,112.53333333333333,Frequent
1992,5,4 days 09:08:00,59,105.13333333333334,Frequent
1356,5,4 days 09:00:00,58,105.0,Frequent
1718,5,4 days 06:32:00,55,102.53333333333333,Frequent
1102,5,4 days 06:29:00,60,102.48333333333333,Frequent
1560,5,3 days 20:11:00,50,92.18333333333334,Frequent
1549,5,3 days 17:08:00,49,89.13333333333334,Frequent
1378,5,3 days 06:29:00,45,78.48333333333333,Moderate
1433,5,3 days 05:37:00,41,77.61666666666666,Moderate
1642,5,3 days 04:53:00,45,76.88333333333334,Moderate
1424,5,3 days 04:32:00,39,76.53333333333333,Moderate
1769,5,2 days 11:25:00,32,59.416666666666664,Moderate
1452,5,2 days 07:04:00,32,55.06666666666667,Moderate
1780,5,1 days 21:40:00,25,45.666666666666664,Moderate
1274,5,1 days 11:45:00,21,35.75,Moderate
1057,5,1 days 11:31:00,17,35.516666666666666,Moderate
1303,5,1 days 09:48:00,20,33.8,Moderate
1020,5,1 days 04:28:00,16,28.466666666666665,Rare
1098,5,0 days 23:25:00,13,23.416666666666668,Rare
1989,5,0 days 23:14:00,14,23.233333333333334,Rare
1121,5,0 days 22:19:00,11,22.316666666666666,Rare
1245,5,0 days 16:29:00,10,16.483333333333334,Rare
1443,5,0 days 12:19:00,7,12.316666666666666,Rare
1159,5,0 days 10:43:00,5,10.716666666666667,Rare
1233,5,0 days 07:01:00,5,7.016666666666667,Rare
1171,5,0 days 00:55:00,1,0.9166666666666666,Rare
1760,5,0 days 00:00:00,0,0.0,Rare
1255,4,5 days 02:06:00,58,122.1,Frequent
1638,4,4 days 23:42:00,59,119.7,Frequent
1187,4,4 days 19:50:00,66,115.83333333333333,Frequent
1374,4,4 days 14:14:00,60,110.23333333333333,Frequent
1463,4,4 days 10:23:00,57,106.38333333333334,Frequent
1060,4,4 days 07:36:00,60,103.6,Frequent
1890,4,4 days 06:27:00,56,102.45,Frequent
1400,4,3 days 23:27:00,49,95.45,Frequent
1467,4,3 days 21:05:00,51,93.08333333333333,Frequent
1633,4,3 days 20:12:00,44,92.2,Frequent
1284,4,3 days 10:34:00,47,82.56666666666666,Frequent
1066,4,3 days 08:17:00,49,80.28333333333333,Frequent
1811,4,3 days 06:07:00,44,78.11666666666666,Moderate
1971,4,3 days 03:12:00,36,75.2,Moderate
1207,4,3 days 00:11:00,36,72.18333333333334,Moderate
1737,4,2 days 19:52:00,37,67.86666666666666,Moderate
1164,4,2 days 18:29:00,34,66.48333333333333,Moderate
1385,4,2 days 16:00:00,37,64.0,Moderate
1135,4,2 days 12:24:00,34,60.4,Moderate
1376,4,2 days 06:27:00,28,54.45,Moderate
1154,4,2 days 02:26:00,26,50.43333333333333,Moderate
1116,4,1 days 21:21:00,22,45.35,Moderate
1648,4,1 days 18:36:00,20,42.6,Moderate
1331,4,0 days 18:44:00,13,18.733333333333334,Rare
1999,4,0 days 17:42:00,11,17.7,Rare
1105,4,0 days 17:37:00,10,17.616666666666667,Rare
1885,4,0 days 13:03:00,7,13.05,Rare
1702,4,0 days 08:12:00,4,8.2,Rare
1319,4,0 days 05:12:00,3,5.2,Rare
1188,4,0 days 05:10:00,4,5.166666666666667,Rare
1763,3,5 days 00:28:00,60,120.46666666666667,Frequent
1299,3,4 days 17:34:00,61,113.56666666666666,Frequent
1816,3,4 days 08:59:00,63,104.98333333333333,Frequent
1184,3,4 days 02:21:00,54,98.35,Frequent
1987,3,3 days 21:40:00,44,93.66666666666667,Frequent
1705,3,3 days 19:26:00,49,91.43333333333334,Frequent
1914,3,3 days 15:45:00,47,87.75,Frequent
1295,3,3 days 14:03:00,43,86.05,Frequent
1894,3,3 days 08:20:00,46,80.33333333333333,Frequent
1623,3,3 days 00:31:00,37,72.51666666666667,Moderate
1031,3,2 days 23:21:00,38,71.35,Moderate
1028,3,2 days 21:17:00,37,69.28333333333333,Moderate
1765,3,2 days 16:22:00,37,64.36666666666666,Moderate
1738,3,2 days 16:20:00,37,64.33333333333333,Moderate
1857,3,2 days 14:37:00,32,62.61666666666667,Moderate
1994,3,2 days 13:12:00,36,61.2,Moderate
1308,3,2 days 12:05:00,35,60.083333333333336,Moderate
1910,3,2 days 08:39:00,33,56.65,Moderate
1072,3,2 days 04:46:00,29,52.766666666666666,Moderate
1942,3,1 days 18:17:00,23,42.28333333333333,Moderate
1080,3,1 days 14:17:00,25,38.28333333333333,Moderate
1923,3,1 days 10:18:00,19,34.3,Moderate
1379,3,1 days 05:36:00,16,29.6,Rare
1178,3,0 days 17:03:00,9,17.05,Rare
1505,3,0 days 13:33:00,7,13.55,Rare
1684,3,0 days 03:45:00,2,3.75,Rare
1074,3,0 days 00:00:00,0,0.0,Rare
1305,2,5 days 06:49:00,64,126.81666666666666,Frequent
1413,2,5 days 06:17:00,65,126.28333333333333,Frequent
1418,2,5 days 05:47:00,60,125.78333333333333,Frequent
1259,2,5 days 02:40:00,59,122.66666666666667,Frequent
1425,2,5 days 02:35:00,65,122.58333333333333,Frequent
1732,2,4 days 20:52:00,60,116.86666666666666,Frequent
1355,2,4 days 13:37:00,58,109.61666666666666,Frequent
1172,2,4 days 10:30:00,52,106.5,Frequent
1997,2,4 days 09:10:00,51,105.16666666666667,Frequent
1336,2,4 days 02:08:00,49,98.13333333333334,Frequent
1138,2,3 days 17:05:00,48,89.08333333333333,Frequent
1550,2,3 days 16:33:00,48,88.55,Frequent
1200,2,3 days 14:06:00,48,86.1,Frequent
1419,2,3 days 09:36:00,44,81.6,Frequent
1781,2,3 days 09:31:00,39,81.51666666666667,Frequent
1141,2,3 days 08:23:00,40,80.38333333333334,Frequent
1086,2,3 days 04:45:00,47,76.75,Moderate
1766,2,3 days 01:26:00,31,73.43333333333334,Moderate
1957,2,2 days 22:21:00,39,70.35,Moderate
1450,2,2 days 20:25:00,36,68.41666666666667,Moderate
1819,2,2 days 19:21:00,37,67.35,Moderate
1624,2,2 days 19:06:00,38,67.1,Moderate
1491,2,2 days 15:55:00,31,63.916666666666664,Moderate
1492,2,2 days 15:21:00,31,63.35,Moderate
1861,2,2 days 14:02:00,32,62.03333333333333,Moderate
1630,2,2 days 12:23:00,37,60.38333333333333,Moderate
1911,2,2 days 05:54:00,30,53.9,Moderate
1691,2,2 days 01:15:00,25,49.25,Moderate
1943,2,2 days 00:59:00,29,48.983333333333334,Moderate
1045,2,1 days 16:44:00,23,40.733333333333334,Moderate
1009,2,1 days 16:31:00,21,40.516666666666666,Moderate
1440,2,1 days 16:00:00,26,40.0,Moderate
1677,2,1 days 15:29:00,20,39.483333333333334,Moderate
1367,2,1 days 10:00:00,19,34.0,Moderate
1636,2,1 days 03:20:00,17,27.333333333333332,Rare
1870,2,1 days 01:30:00,15,25.5,Rare
1052,2,1 days 01:15:00,15,25.25,Rare
1863,2,0 days 20:28:00,12,20.466666666666665,Rare
1825,2,0 days 11:12:00,6,11.2,Rare
1398,2,0 days 10:09:00,5,10.15,Rare
1315,2,0 days 07:14:00,5,7.233333333333333,Rare
1206,2,0 days 05:08:00,4,5.133333333333334,Rare
1922,2,0 days 00:45:00,1,0.75,Rare
1048,2,0 days 00:00:00,0,0.0,Rare
1761,2,0 days 00:00:00,0,0.0,Rare
1654,1,5 days 08:56:00,57,128.93333333333334,Frequent
1740,1,4 days 04:28:00,47,100.46666666666667,Frequent
1946,1,4 days 04:28:00,50,100.46666666666667,Frequent
1839,1,4 days 04:04:00,55,100.06666666666666,Frequent
1749,1,3 days 19:08:00,46,91.13333333333334,Frequent
1486,1,3 days 17:40:00,48,89.66666666666667,Frequent
1324,1,3 days 17:29:00,50,89.48333333333333,Frequent
1111,1,3 days 07:17:00,43,79.28333333333333,Moderate
1821,1,3 days 00:37:00,35,72.61666666666666,Moderate
1831,1,2 days 18:59:00,36,66.98333333333333,Moderate
1931,1,2 days 15:14:00,32,63.233333333333334,Moderate
1547,1,2 days 14:11:00,36,62.18333333333333,Moderate
1346,1,2 days 04:06:00,28,52.1,Moderate
1790,1,2 days 03:57:00,30,51.95,Moderate
1302,1,1 days 21:46:00,25,45.766666666666666,Moderate
1360,1,1 days 16:48:00,24,40.8,Moderate
1075,1,1 days 10:49:00,22,34.81666666666667,Moderate
1296,1,1 days 07:51:00,18,31.85,Moderate
1755,1,1 days 04:55:00,19,28.916666666666668,Rare
1232,1,1 days 04:50:00,17,28.833333333333332,Rare
1445,1,1 days 03:11:00,16,27.183333333333334,Rare
1886,1,1 days 02:06:00,14,26.1,Rare
1916,1,0 days 21:41:00,15,21.683333333333334,Rare
1509,1,0 days 15:15:00,8,15.25,Rare
1972,1,0 days 14:38:00,10,14.633333333333333,Rare
1518,1,0 days 09:26:00,4,9.433333333333334,Rare
1510,1,0 days 07:10:00,4,7.166666666666667,Rare
1399,1,0 days 00:00:00,0,0.0,Rare
1056,0,5 days 01:35:00,60,121.58333333333333,Frequent
1227,0,4 days 19:49:00,62,115.81666666666666,Frequent
1001,0,4 days 18:51:00,64,114.85,Frequent
1136,0,4 days 14:47:00,60,110.78333333333333,Frequent
1659,0,4 days 08:19:00,58,104.31666666666666,Frequent
1926,0,4 days 07:30:00,58,103.5,Frequent
1517,0,4 days 06:52:00,52,102.86666666666666,Frequent
1720,0,4 days 03:12:00,44,99.2,Frequent
1267,0,4 days 02:26:00,52,98.43333333333334,Frequent
1420,0,4 days 00:41:00,50,96.68333333333334,Frequent
1793,0,3 days 16:21:00,46,88.35,Frequent
1965,0,3 days 12:44:00,53,84.73333333333333,Frequent
1681,0,3 days 10:07:00,41,82.11666666666666,Frequent
1597,0,3 days 09:15:00,45,81.25,Frequent
1536,0,3 days 06:30:00,42,78.5,Moderate
1695,0,3 days 03:50:00,41,75.83333333333333,Moderate
1618,0,2 days 23:13:00,36,71.21666666666667,Moderate
1625,0,2 days 19:14:00,40,67.23333333333333,Moderate
1709,0,2 days 18:49:00,37,66.81666666666666,Moderate
1181,0,2 days 18:31:00,39,66.51666666666667,Moderate
1619,0,2 days 13:28:00,34,61.46666666666667,Moderate
1499,0,2 days 12:21:00,34,60.35,Moderate
1920,0,2 days 08:56:00,30,56.93333333333333,Moderate
1836,0,2 days 02:55:00,27,50.916666666666664,Moderate
1961,0,2 days 01:53:00,28,49.88333333333333,Moderate
1815,0,1 days 23:41:00,27,47.68333333333333,Moderate
1317,0,1 days 16:20:00,24,40.333333333333336,Moderate
1598,0,1 days 12:29:00,21,36.483333333333334,Moderate
1242,0,1 days 11:36:00,17,35.6,Moderate
1013,0,1 days 09:36:00,17,33.6,Moderate
1500,0,1 days 08:09:00,18,32.15,Moderate
1464,0,1 days 06:23:00,16,30.383333333333333,Moderate
1665,0,0 days 21:52:00,12,21.866666666666667,Rare
1855,0,0 days 17:19:00,12,17.316666666666666,Rare
1472,0,0 days 16:32:00,6,16.533333333333335,Rare
1148,0,0 days 12:18:00,6,12.3,Rare
1051,0,0 days 05:59:00,3,5.983333333333333,Rare
1546,0,0 days 03:22:00,3,3.3666666666666667,Rare
Student_ID,0,0 days 00:00:00,1,0.0,Inactive
